fname,credits,alt
rgmphoto_crown.jpg,Photo by RGMPhoto,Woman in a dress and wreath crown in a dark setting.
dakota_shoulder.jpg,Photo by Dakota Snow,Woman looking into camera with cloth draped over shoulder.
caseymathewson.jpg,Photo by Casey Mathewson,Nude portrait against a purple background with red light.
self_plants.jpg,Self-shot,Nude woman sitting on the floor with plants
marcuslikesit_bw.jpg,Photo by Marcus Likesit,Woman in a white robe sitting near a window.
paulward_hang.jpg,Photo by Paul Ward,Nude woman hanging from a pipe above a staircase.
self_web.jpg,Self-shot,Woman in rope standing against a wall.
sving_arms.jpg,Photo by Sving,Nude woman with arms bent in rope.
self_ropebw.jpg,Self-shot,Woman in rope sitting on a chair.
zeffi_window.jpg,Photo by Zeffi Walsh,Woman in lingerie gazing out of a window.
paulward_chair.jpg,Photo by Paul Ward,Nude woman kneeling on a chair in front of a green wall.
dakota_blue.jpg,Photo by Dakota Snow,Nude woman with long hair standing with arched back near a blue wall.
nazrul_monsoon.jpg,Photo by Nazrul Tahir,Woman in rain kneeling with head facing up.
danielanton_chair.jpg,Photo by Daniel Anton,Woman in lingerie sitting in a chair next to a window.
sving_winter.jpg,Photo by Sving,Woman in a black dress standing on a balcony in winter.
dakota_drape.jpg,Photo by Dakota Snow,Woman draped in patterned covering sitting.
willstjohn_back.jpg,Photo by Will St. John,Nude woman standing on a platform with back facing to camera.
anya_newyears.jpg,Photo by Anya Demure,Nude woman lying on her stomach in purple lighting.
self_strawberry.jpg,Self-shot,Woman wearing tank top lying on a bed in cool lighting.